{
    "rmse": 0.8050979807752514,
    "mae": 0.6594180304495706,
    "r2": 0.008145452179577739
}